chromosome,position,ref_allele,alt_allele,variant_type,pathogenicity,allele_frequency,conservation_score,gc_content,motif_score,secondary_structure
X,708611,A,T,SNV,0,0.040846122445566305,0.08786811124265681,0.6642744793022852,0.3358658571498351,0.9805768001799882
Y,285806,G,G,INDEL,0,0.06127607481208707,0.13882477344202038,0.3491243127382935,0.8251073314226598,0.9033638126360249
3,795824,T,G,SNV,0,0.10946741411869947,0.0027108994143296705,0.39436241383803244,0.3630592121950905,0.6466649191171634
Y,31535,C,T,INDEL,0,0.08110540612735531,0.11669606414168132,0.3662082041469159,0.03422811082052912,0.6931752114569247
Y,997107,C,T,SNV,0,0.06909817879242004,0.4731662010518922,0.37452835179764826,0.8306545065652498,0.05159580665871
2,376713,G,T,SNV,0,0.044889930607391,0.6061018810558386,0.6349963156009968,0.3451921448812756,0.6699174645500392
3,839688,G,G,INDEL,1,0.1899272547499278,0.7942894499664624,0.43285856506197556,0.7738345232013403,0.044165437710100175
3,352279,T,C,SNV,1,0.012322844970608026,0.10669925011343606,0.4245777056182565,0.36275789466594544,0.588263756969931
3,914910,C,C,INDEL,1,0.29763729449513476,0.8507274600164547,0.39095824835084503,0.8610680199747216,0.9993534995658349
Y,822654,C,T,SNV,0,0.08669150364671213,0.7459745255487181,0.5431577575177035,0.2195105250809587,0.5558065814371796
X,602661,C,C,INDEL,0,0.05188544726586677,0.4085182929359169,0.4517222793542195,0.9745472651988699,0.4732101180813334
3,998079,A,T,SNV,0,0.14945612539599795,0.9329380670999546,0.5976998607373155,0.7797587747880308,0.31285485650558753
Y,648972,C,C,INDEL,0,0.01231686803672735,0.9909294764573906,0.38223192335025497,0.11423792592039683,0.12052257878646444
2,490570,A,C,SNV,0,0.1917713939084243,0.20500181005323725,0.615115955485797,0.5657766199665605,0.7310236714582816
X,457551,T,A,INDEL,1,0.17038699373114125,0.3792285849638004,0.5414886126920555,0.9853673122417347,0.19259902778563043
2,274109,A,T,SNV,0,0.02767624134098213,0.9264494235897112,0.3457069200222751,0.4710654526938144,0.11528202124728437
X,25538,T,A,INDEL,1,0.20182882972634716,0.7215965507512772,0.46580183368145106,0.18210713882158325,0.4217626597305125
Y,895498,C,C,INDEL,0,0.1336223450319604,0.04809464396408769,0.6454072562451827,0.48477836715034617,0.7953418379590974
1,202664,C,T,INDEL,1,0.18191677855568633,0.7815144817514149,0.6691840927193939,0.5124576558819216,0.7450645481202204
X,492234,T,C,SNV,0,0.05037486129676184,0.8279408871774919,0.48628004892752524,0.7416869442286655,0.054882614646474925
2,900684,G,A,INDEL,0,0.04549328754212087,0.7505019247653135,0.4923347912356294,0.6988458531609044,0.4551436850361561
Y,140182,T,A,SNV,0,0.05958269114365582,0.7995371309195156,0.6673818899757205,0.40255004359698054,0.5224345760711689
X,473525,G,C,INDEL,0,0.02098689823377373,0.8251326766927972,0.5348272896546269,0.2180231074940865,0.6445466506258222
1,159338,A,G,SNV,0,0.2593125591733365,0.1864049867881441,0.31313866809737534,0.6450541677693294,0.6501673504432282
1,185064,A,G,INDEL,1,0.19018521524020174,0.23569174606499976,0.6650997851516515,0.4217039345532818,0.36469724945730586
3,215020,A,A,SNV,1,0.05524674492884424,0.6337585637201772,0.39929057710286076,0.1322762111253304,0.560677194003514
3,624094,C,A,SNV,0,0.05343292062024415,0.907866130462516,0.5310527816366188,0.9005723012363857,0.48106188384408644
2,925414,A,G,INDEL,0,0.09372891692214132,0.3161965822964946,0.3662053269711895,0.6912218576096544,0.8849983565232811
X,898421,G,C,SNV,0,0.003878831322400729,0.5883066757950567,0.313551664098638,0.6831838564454814,0.5302651326349002
X,616270,A,C,SNV,1,0.029932319497057606,0.6829820634171324,0.42458926845310296,0.8225838759116739,0.4410321617481616
3,646914,T,C,INDEL,0,0.0249695762355524,0.45194860129903924,0.612198283018435,0.5296616786550811,0.40448544968185074
X,120176,T,G,SNV,0,0.32037226204765723,0.713782454855326,0.4110348690517672,0.8150544284024571,0.5724277594334657
X,918710,C,G,SNV,0,0.060505305318361804,0.8996674452921731,0.3880388856324388,0.49809075351100573,0.8039769794008976
1,219126,T,C,SNV,0,0.1349517649150311,0.6241015441818376,0.3850723137364905,0.06717539991571009,0.5384014903807876
3,219969,G,T,INDEL,0,0.038414792460083454,0.539781061914633,0.506069472962725,0.40524808802768875,0.6616551750805415
Y,123409,A,C,SNV,0,0.1023579180734048,0.43874467538833906,0.6902165262731025,0.4974648939798906,0.737855766906525
3,548707,C,A,INDEL,1,0.021674468291067932,0.5774862709061257,0.4835955952068052,0.7202025816322958,0.5201681098787319
Y,969140,A,C,SNV,0,0.027936275368739723,0.3553624518183959,0.5229221475560191,0.10657873012867436,0.42681705665486436
1,254618,A,C,SNV,0,0.16169301562424537,0.3914821102015019,0.6442528071562935,0.140018538660449,0.8766653778624495
2,770598,G,C,SNV,0,0.01880975893584083,0.531857479688174,0.5140278875734634,0.26368380263461644,0.41750608402789213
X,51015,T,A,INDEL,0,0.09338610875254623,0.06661911239081697,0.3737851485675424,0.2664983933708822,0.4619428505755876
1,773838,T,C,SNV,1,0.1036890955811928,0.22902539092479635,0.4198383647065908,0.7321845784590624,0.9903413133417771
X,123096,A,C,SNV,0,0.06346094372586111,0.5428493106134089,0.42397477050744437,0.25073066056159776,0.0002375235758845795
2,632347,C,T,INDEL,0,0.05821295164078879,0.4315281431364426,0.45892724618303915,0.6330980633574476,0.18547290957672247
2,186340,T,C,SNV,0,0.004006486706700086,0.3328157859124843,0.4707155621346997,0.4942738501382714,0.38396388991972574
1,111687,C,C,INDEL,0,0.15924059929740042,0.7305491368093014,0.6199128088297077,0.5732943781794007,0.9325899094252529
2,875371,T,T,INDEL,1,0.07004096653087354,0.6937176074033384,0.4397547996197332,0.8381069631782958,0.07002970574747103
Y,412357,C,G,SNV,0,0.0238585797935727,0.16673075999338316,0.4872927313765517,0.4043815015490243,0.009485433628498074
2,736716,G,C,INDEL,0,0.043654678285863266,0.8786291153734382,0.5499903948204209,0.7709113770642705,0.05268383597722859
X,106878,C,T,SNV,0,0.17143177163428436,0.49542362640396564,0.4510903789760677,0.42203605955068735,0.08854341061361815
X,728270,G,A,INDEL,0,0.034863817160169744,0.7414609111390454,0.6346259253169331,0.35387137656124945,0.03759677320626087
X,974548,G,G,INDEL,0,0.19239603563793106,0.5731508492573887,0.5349814416936297,0.9586271773132206,0.47978132685650476
X,199286,C,A,SNV,0,0.1456432288592476,0.9976926159238433,0.4176178716883886,0.1843709206789632,0.5807572072273277
Y,774290,G,A,INDEL,0,0.03955677166876964,0.7524031200388227,0.5856236799159313,0.09033696057760787,0.2716869710690041
3,775684,A,T,INDEL,0,0.09903319887839668,0.706980461243459,0.5110590920579143,0.7709859255354785,0.39828738397563557
1,165899,G,C,INDEL,1,0.1030321436957627,0.7785719390507511,0.5137823565028987,0.06824970535409158,0.09169933511143014
X,974324,T,T,INDEL,0,0.009670625675446881,0.14312798554846962,0.49243517935503434,0.8370789907030294,0.33637046382842206
2,325767,C,T,INDEL,0,0.14040272422243125,0.20454459316946327,0.49880477952849955,0.4371933963572435,0.5225191916345231
X,862882,A,T,SNV,1,0.05892460696326928,0.7140640822236142,0.6061425124264963,0.915513677291914,0.7322718071846451
2,880858,C,T,INDEL,1,0.14700325871475325,0.49398148713086265,0.3411925917325262,0.7215328611219056,0.003346362042979223
2,380989,T,G,SNV,0,0.0075163731737013335,0.7546352918601166,0.43374512452419284,0.6104046670079576,0.4673107665376526
X,416515,T,C,INDEL,0,0.031034361547329647,0.10291603074414502,0.33020134552155567,0.9493067970577657,0.2970028764548822
Y,44585,T,A,SNV,0,0.10120400097119611,0.5364813514845947,0.6012984882989802,0.3966493730520543,0.8528218216919013
2,372369,G,A,SNV,0,0.030724012638182037,0.3788215655569157,0.4089207418881198,0.9540869365396331,0.7155533152342419
2,65044,G,C,INDEL,1,0.02905322911738211,0.45700021928167833,0.6589721639275536,0.13500127742120693,0.5891085344708948
X,961061,C,A,INDEL,1,0.04729253125936402,0.6039578720725125,0.5106313866637174,0.48375494193241275,0.2772656456967736
2,443296,C,C,INDEL,0,0.07988354339788917,0.5022883474625301,0.6202999085944484,0.2699112223921949,0.9103391020575343
2,110556,A,G,SNV,0,0.05599023377422246,0.5398606371128367,0.6915725742463844,0.5398427789081934,0.04510067722032318
X,527981,A,T,INDEL,1,0.17465158556698143,0.4863574819956078,0.6359155437826282,0.1620138778915846,0.10946759867911515
X,882691,C,A,SNV,0,0.013247322124621003,0.4089551770854932,0.6467975040046093,0.8415296603100434,0.39163014054035605
1,768595,G,C,SNV,0,0.04343514494272781,0.7718819805982451,0.46319379814593786,0.8464078493145573,0.12443755729685635
Y,201235,T,C,SNV,0,0.10247258435725179,0.012203072318044517,0.5206890381037359,0.955236312723479,0.956415697559425
Y,26939,C,C,INDEL,0,0.04890366656904084,0.598442701205227,0.4015554256173217,0.15467214088323622,0.7979893221433834
2,967429,A,C,INDEL,1,0.10467317551392709,0.5655083473229738,0.3784452398773811,0.6233325509049907,0.25898265160181366
Y,961445,G,C,SNV,1,0.0283101772789509,0.7161790747329522,0.5022031516424135,0.4742373087003696,0.5885542289732454
2,153906,C,G,SNV,1,0.004490574571723868,0.5990293647773265,0.5380195918801682,0.3443837320442332,0.9823305150800816
1,543335,C,G,INDEL,0,0.012293430719502601,0.8267988278090783,0.43570849835847636,0.3515401611342188,0.8841989781315029
X,289249,G,A,SNV,1,0.0030459997562781167,0.9590747945640278,0.5277774071054001,0.41279355060675227,0.600798446442198
X,76766,C,C,INDEL,0,0.06444634530720016,0.3425242571785434,0.6549841930054011,0.704925549688953,0.9037239671752705
X,409923,G,A,SNV,0,0.024489603682108903,0.22735098302998702,0.5226886339133464,0.5982860582681546,0.9891849098133589
Y,416192,T,C,INDEL,0,0.1712501458412367,0.4235968624204829,0.5883252385242026,0.4596815127611311,0.7433528228936241
1,569550,G,C,SNV,1,0.06214764280284809,0.2879296164757261,0.622125986943162,0.07593341036962209,0.06498640948289403
Y,388261,G,G,INDEL,1,0.053126486857866244,0.6149502631526544,0.695491512782177,0.07776534407895708,0.40158023642548746
Y,811208,G,T,SNV,0,0.07374845787702125,0.9118524088429647,0.5412789608707917,0.0023393906257782593,0.8378257352832454
1,686440,C,T,INDEL,1,0.18092907942482164,0.13911619414306187,0.6227400595850343,0.9676993882070865,0.230569195805019
1,653664,C,G,INDEL,0,0.15851948004154165,0.1007946030158865,0.6850597274219499,0.005253818558384915,0.8306425177506246
1,985346,G,T,SNV,0,0.06744991697354581,0.2560155318536622,0.6777638902309093,0.10309374601374488,0.12033876203499594
1,455589,C,T,SNV,0,0.000878265827150671,0.7260955860624008,0.3564327395110854,0.3145965568094109,0.046945357147813005
X,138848,A,T,INDEL,0,0.03467410044760692,0.5929629052588216,0.4625569233094088,0.8074302518167612,0.38409061149124957
3,618075,A,T,SNV,0,0.16094538889678342,0.10221266422519959,0.4295960244427198,0.9620987857641177,0.036731937426613626
3,128948,C,T,INDEL,0,0.1673732097588532,0.9187505222607465,0.33477000598013973,0.7900135587918561,0.9572702629833256
1,580304,C,A,SNV,0,0.00045697598325788606,0.7900846371240867,0.5532963099643842,0.6905602324456406,0.8262056957939659
3,403690,G,G,INDEL,0,0.05636607283738615,0.023022604787637513,0.594361845278401,0.5213006674135694,0.8007696871298751
3,500046,T,T,INDEL,0,0.06831184376188826,0.6513672109882461,0.6392512381867533,0.0867052118621836,0.6297779229961531
1,452269,C,C,INDEL,0,0.22574823614787734,0.771246668519738,0.3491107558650834,0.9581707930039304,0.21632402303655351
3,22959,A,G,INDEL,0,0.06596509951171858,0.374435369720422,0.6505776303501175,0.7583924139456815,0.5182603666763922
Y,661890,G,G,INDEL,0,0.14363793329128965,0.06892153936721879,0.5571702254457013,0.6389493853342618,0.597274072430341
2,751216,C,T,INDEL,0,0.05750984749547414,0.07732106548878726,0.5815784540554038,0.7590358455388498,0.5250315008602682
2,906533,A,A,SNV,0,0.027514565190529926,0.1042469660518095,0.6642496014161215,0.7241033292731386,0.2602333679515273
1,791180,A,T,SNV,0,0.05197920881429003,0.8404396319804229,0.5499045084173004,0.6372315797894869,0.5152479243147259
